source,target,time,
192.168.1.1,192.168.1.2,2023/8/22 0:00,
192.168.1.2,192.168.1.4,2023/8/22 1:00,
192.168.1.4,192.168.1.5,2023/8/22 2:00,
192.168.1.5,192.168.1.7,2023/8/22 3:00,
192.168.1.7,192.168.1.8,2023/8/22 4:00,
192.168.1.8,192.168.1.9,2023/8/22 5:00,
192.168.1.10,192.168.1.11,2023/8/22 6:00,
192.168.1.11,192.168.1.12,2023/8/22 7:00,
192.168.1.5,192.168.1.13,2023/8/22 8:00,
192.168.1.13,192.168.1.14,2023/8/22 9:00,
192.168.1.14,192.168.1.15,2023/8/22 10:00,
192.168.1.15,192.168.1.16,2023/8/22 11:00,
192.168.1.16,192.168.1.17,2023/8/22 12:00,
192.168.1.17,192.168.1.18,2023/8/22 13:00,
192.168.1.18,192.168.1.19,2023/8/22 14:00,
192.168.1.19,192.168.1.20,2023/8/22 15:00,
192.168.1.20,192.168.1.21,2023/8/22 16:00,
192.168.1.21,192.168.1.22,2023/8/22 17:00,
192.168.1.22,192.168.1.23,2023/8/22 18:00,
192.168.1.23,192.168.1.24,2023/8/22 19:00,
192.168.1.24,192.168.1.25,2023/8/22 20:00,
192.168.1.13,192.168.1.26,2023/8/22 21:00,
192.168.2.5,192.168.2.7,2023/8/22 22:00,
192.168.2.7,192.168.2.8,2023/8/22 23:00,
192.168.2.8,192.168.2.9,2023/8/23 0:00,
192.168.2.10,192.168.2.14,2023/8/23 1:00,
192.168.2.11,192.168.2.15,2023/8/23 2:00,
192.168.2.5,192.168.2.16,2023/8/23 3:00,
192.168.2.13,192.168.2.17,2023/8/23 4:00,
192.168.2.14,192.168.2.18,2023/8/23 5:00,
192.168.2.15,192.168.2.19,2023/8/23 6:00,
192.168.2.16,192.168.2.20,2023/8/23 7:00,
192.168.2.17,192.168.2.21,2023/8/23 8:00,
192.168.2.18,192.168.2.22,2023/8/23 9:00,
192.168.2.19,192.168.2.23,2023/8/23 10:00,
192.168.2.20,192.168.2.24,2023/8/23 11:00,
192.168.2.21,192.168.2.25,2023/8/23 12:00,
192.168.2.22,192.168.2.26,2023/8/23 13:00,
192.168.2.23,192.168.2.27,2023/8/23 14:00,
192.168.2.24,192.168.2.28,2023/8/23 15:00,
192.168.2.25,192.168.2.29,2023/8/23 16:00,
,,,
,,,
,,,
,,,
,,,
,,,
,,,
,,,
,,,
,,,
,,,
,,,
,,,
,,,
,,,
,,,
,,,
,,,
,,,
,,,
,,,
,,,
,,,
,,,
,,,
,,,
,,,
,,,
,,,
,,,
,,,
,,,
,,,
,,,
,,,
,,,
,,,
,,,
,,,
,,,
,,,
,,,
,,,
,,,
,,,
,,,
,,,
,,,
,,,
,,,
,,,
,,,
,,,
,,,
,,,
,,,
,,,
,,,
,,,
,,,
,,,
,,,
,,,
,,,
,,,
,,,
,,,
,,,
,,,
,,,
,,,
,,,
,,,
,,,
,,,
,,,
,,,
,,,
,,,
,,,
,,,
,,,
,,,
,,,
,,,
,,,
,,,
,,,
,,,
,,,
,,,
,,,
,,,
,,,
,,,
,,,
,,,
,,,
,,,
,,,
,,,
,,,
,,,
,,,
,,,
,,,
,,,
,,,
,,,
,,,
,,,
,,,
,,,
,,,
,,,
,,,
,,,
,,,
,,,
,,,
,,,
,,,
,,,
,,,
,,,
,,,
,,,
,,,
,,,
,,,
,,,
,,,
,,,
,,,
,,,
,,,
,,,
,,,
,,,
,,,
,,,
,,,
,,,
,,,
,,,
,,,
,,,
,,,
,,,
,,,
,,,
,,,
,,,
,,,
,,,
,,,
,,,
,,,
,,,
,,,
,,,
,,,
,,,
,,,
,,,
,,,
,,,
,,,
,,,
,,,
,,,
,,,
,,,
,,,
,,,
,,,
,,,
,,,
,,,
,,,
,,,
,,,
,,,
,,,
,,,
,,,
,,,
,,,
,,,
,,,
,,,
,,,
,,,
,,,
,,,
,,,
,,,
,,,
,,,
,,,
,,,
,,,
,,,
,,,
,,,
,,,
,,,
,,,
,,,
,,,
,,,
,,,
,,,
,,,
,,,
,,,
,,,
,,,
,,,
,,,
,,,
,,,
,,,
,,,
,,,
,,,
,,,
,,,
,,,
,,,
,,,
,,,
,,,
,,,
,,,
,,,
,,,
,,,
,,,
,,,
,,,
,,,
,,,
,,,
,,,
,,,
,,,
,,,
,,,
,,,
,,,
,,,
,,,
,,,
,,,
,,,
,,,
,,,
,,,
,,,
,,,
,,,
,,,
,,,
,,,
,,,
,,,
,,,
,,,
,,,
,,,
,,,
,,,
,,,
,,,
,,,
,,,
,,,
,,,
,,,
,,,
,,,
,,,
,,,
,,,
,,,
,,,
,,,
,,,
,,,
,,,
,,,
,,,
,,,
,,,
,,,
,,,
,,,
,,,
,,,
,,,
,,,
,,,
,,,
,,,
,,,
,,,
,,,
,,,
,,,
,,,
,,,
,,,
,,,
,,,
,,,
,,,
,,,
,,,
,,,
,,,
,,,
,,,
,,,
,,,
,,,
,,,
,,,
,,,
,,,
,,,
,,,
,,,
,,,
,,,
,,,
,,,
,,,
,,,
,,,
,,,
,,,
,,,
,,,
,,,
,,,
,,,
,,,
,,,
,,,
,,,
,,,
,,,
,,,
,,,
,,,
,,,
,,,
,,,
,,,
,,,
,,,
,,,
,,,
,,,
,,,
,,,
,,,
,,,
,,,
,,,
,,,
,,,
,,,
,,,
,,,
,,,
,,,
,,,
,,,
,,,
,,,
,,,
,,,
,,,
,,,
,,,
,,,
,,,
,,,
,,,
,,,
,,,
,,,
,,,
,,,
,,,
,,,
,,,
,,,
,,,
,,,
,,,
,,,
,,,
,,,
,,,
,,,
,,,
,,,
,,,
,,,
,,,
,,,
,,,
,,,
,,,
,,,
,,,
,,,
,,,
,,,
,,,
,,,
,,,
,,,
,,,
,,,
,,,
,,,
,,,
,,,
,,,
,,,
,,,
,,,
,,,
,,,
,,,
,,,
,,,
,,,
,,,
,,,
,,,
,,,
,,,
,,,
,,,
,,,
,,,
,,,
,,,
,,,
,,,
,,,
,,,
,,,
,,,
,,,
,,,
,,,
,,,
,,,
,,,
,,,
,,,
,,,
,,,
,,,
,,,
,,,
,,,
,,,
,,,
,,,
,,,
,,,
,,,
,,,
,,,
,,,
,,,
,,,
,,,
,,,
,,,
,,,
,,,
,,,
,,,
,,,
,,,
,,,
,,,
,,,
,,,
,,,
,,,
,,,
,,,
,,,
,,,
,,,
,,,
,,,
,,,
,,,
,,,
,,,
,,,
,,,
,,,
,,,
,,,
,,,
,,,
,,,
,,,
,,,
,,,
,,,
,,,
,,,
,,,
,,,
,,,
,,,
,,,
,,,
,,,
,,,
,,,
,,,
,,,
,,,
,,,
,,,
,,,
,,,
,,,
,,,
,,,
,,,
,,,
,,,
,,,
,,,
,,,
,,,
,,,
,,,
,,,
,,,
,,,
,,,
,,,
,,,
,,,
,,,
,,,
,,,
,,,
,,,
,,,
,,,
,,,
,,,
,,,
,,,
,,,
,,,
,,,
,,,
,,,
,,,
,,,
,,,
,,,
,,,
,,,
,,,
,,,
,,,
,,,
,,,
,,,
,,,
,,,
,,,
,,,
,,,
,,,
,,,
,,,
,,,
,,,
,,,
,,,
,,,
,,,
,,,
,,,
,,,
,,,
,,,
,,,
,,,
,,,
,,,
,,,
,,,
